CountryName,Date,C1_School closing,C2_Workplace closing,C3_Cancel public events,C4_Restrictions on gatherings,C5_Close public transport,C6_Stay at home requirements,C7_Restrictions on internal movement,C8_International travel controls,H1_Public information campaigns,H2_Testing policy,H3_Contact tracing,H6_Facial Coverings
Aruba,2020-03-17,0.0,0.0,0.0,0.0,0.0,0.0,0.0,4.0,0.0,0.0,0.0,0.0
Aruba,2020-03-29,0.0,1.0,2.0,4.0,0.0,1.0,2.0,0.0,0.0,0.0,0.0,0.0
Aruba,2020-08-04,0.0,0.0,0.0,4.0,0.0,0.0,0.0,0.0,0.0,0.0,0.0,2.0
Afghanistan,2020-02-23,0.0,0.0,0.0,0.0,0.0,0.0,0.0,3.0,0.0,1.0,0.0,0.0
Afghanistan,2020-03-01,0.0,0.0,2.0,0.0,0.0,0.0,0.0,0.0,2.0,0.0,0.0,0.0
Afghanistan,2020-04-05,0.0,0.0,0.0,4.0,0.0,0.0,0.0,0.0,0.0,0.0,0.0,0.0
Angola,2020-03-24,3.0,0.0,0.0,2.0,0.0,0.0,0.0,0.0,1.0,0.0,0.0,0.0
Angola,2020-03-27,0.0,3.0,2.0,2.0,2.0,2.0,2.0,0.0,0.0,0.0,0.0,0.0
Albania,2020-03-09,3.0,0.0,2.0,2.0,0.0,0.0,0.0,0.0,0.0,0.0,0.0,0.0
Albania,2020-03-13,0.0,0.0,0.0,0.0,2.0,2.0,2.0,0.0,0.0,0.0,0.0,0.0
United Arab Emirates,2020-03-27,0.0,0.0,0.0,4.0,0.0,0.0,0.0,0.0,0.0,0.0,0.0,0.0
United Arab Emirates,2020-04-04,0.0,0.0,0.0,0.0,1.0,0.0,0.0,0.0,0.0,0.0,0.0,4.0
Argentina,2020-03-11,0.0,0.0,2.0,0.0,0.0,0.0,0.0,2.0,0.0,0.0,0.0,0.0
Argentina,2020-03-16,3.0,0.0,0.0,0.0,0.0,0.0,0.0,2.0,0.0,0.0,0.0,0.0
Argentina,2020-03-19,0.0,3.0,0.0,4.0,0.0,3.0,0.0,0.0,0.0,0.0,0.0,0.0
Australia,2020-01-25,0.0,0.0,0.0,0.0,0.0,0.0,0.0,0.0,2.0,1.0,2.0,0.0
Australia,2020-03-24,3.0,0.0,0.0,1.0,0.0,1.0,0.0,0.0,0.0,0.0,0.0,0.0
Australia,2020-07-01,1.0,1.0,1.0,0.0,0.0,2.0,0.0,0.0,0.0,0.0,0.0,0.0
Australia,2020-12-01,1.0,1.0,1.0,1.0,0.0,0.0,0.0,0.0,0.0,0.0,0.0,0.0
Australia,2021-01-31,2.0,2.0,1.0,0.0,0.0,2.0,0.0,0.0,0.0,0.0,0.0,0.0
Austria,2020-03-16,2.0,2.0,0.0,4.0,0.0,2.0,0.0,0.0,0.0,0.0,0.0,0.0
Austria,2020-10-17,0.0,1.0,0.0,0.0,0.0,1.0,2.0,0.0,0.0,0.0,0.0,0.0
Azerbaijan,2020-03-03,3.0,0.0,0.0,0.0,0.0,0.0,0.0,0.0,0.0,1.0,0.0,0.0
Azerbaijan,2020-03-14,0.0,0.0,1.0,4.0,0.0,0.0,0.0,0.0,0.0,0.0,0.0,0.0
Azerbaijan,2020-03-31,0.0,1.0,0.0,0.0,1.0,3.0,0.0,0.0,0.0,0.0,0.0,0.0
Azerbaijan,2020-06-03,0.0,0.0,0.0,0.0,0.0,2.0,0.0,0.0,0.0,0.0,0.0,3.0
Azerbaijan,2020-06-21,0.0,0.0,0.0,0.0,2.0,2.0,0.0,0.0,0.0,0.0,0.0,0.0
Belgium,2020-03-14,2.0,1.0,1.0,0.0,0.0,0.0,2.0,0.0,0.0,0.0,0.0,0.0
Belgium,2020-03-18,0.0,1.0,0.0,4.0,0.0,2.0,0.0,0.0,0.0,0.0,0.0,0.0
Belgium,2020-07-29,0.0,1.0,0.0,1.0,0.0,2.0,0.0,0.0,0.0,0.0,0.0,0.0
Benin,2020-03-30,3.0,2.0,0.0,4.0,2.0,0.0,2.0,0.0,0.0,0.0,0.0,0.0
Burkina Faso,2020-03-16,3.0,0.0,0.0,0.0,0.0,0.0,0.0,0.0,2.0,0.0,0.0,0.0
Burkina Faso,2020-03-21,0.0,2.0,0.0,1.0,0.0,2.0,2.0,4.0,0.0,0.0,0.0,0.0
Bangladesh,2020-03-16,3.0,0.0,1.0,0.0,0.0,0.0,0.0,1.0,0.0,0.0,0.0,0.0
Bangladesh,2020-03-19,0.0,3.0,0.0,4.0,2.0,2.0,2.0,0.0,0.0,0.0,0.0,0.0
Bangladesh,2020-05-30,0.0,0.0,0.0,0.0,0.0,0.0,0.0,0.0,0.0,0.0,0.0,4.0
Bangladesh,2020-06-16,0.0,0.0,0.0,1.0,0.0,1.0,2.0,0.0,0.0,0.0,0.0,0.0
Bulgaria,2020-03-13,1.0,1.0,1.0,4.0,0.0,0.0,0.0,0.0,0.0,0.0,0.0,0.0
Bulgaria,2020-03-18,0.0,0.0,0.0,0.0,0.0,2.0,2.0,0.0,0.0,0.0,0.0,0.0
Bahrain,2020-03-18,0.0,2.0,2.0,3.0,0.0,1.0,1.0,0.0,0.0,0.0,0.0,0.0
Bahamas,2020-03-20,0.0,3.0,2.0,4.0,2.0,2.0,0.0,0.0,0.0,0.0,0.0,0.0
Bahamas,2020-03-24,0.0,0.0,0.0,0.0,0.0,0.0,2.0,4.0,0.0,0.0,0.0,0.0
Bahamas,2020-07-23,0.0,1.0,1.0,1.0,1.0,0.0,0.0,0.0,0.0,0.0,0.0,0.0
Bosnia and Herzegovina,2020-03-10,0.0,0.0,1.0,2.0,0.0,0.0,0.0,3.0,0.0,0.0,0.0,0.0
Bosnia and Herzegovina,2020-03-17,0.0,3.0,1.0,0.0,2.0,0.0,0.0,0.0,0.0,0.0,0.0,0.0
Bosnia and Herzegovina,2020-03-20,0.0,0.0,0.0,0.0,0.0,3.0,1.0,0.0,0.0,0.0,0.0,0.0
Belize,2020-03-16,0.0,0.0,2.0,3.0,0.0,0.0,0.0,0.0,0.0,0.0,0.0,0.0
Belize,2020-03-20,3.0,1.0,0.0,0.0,0.0,0.0,0.0,1.0,0.0,0.0,0.0,0.0
Belize,2020-04-01,0.0,2.0,0.0,0.0,0.0,0.0,2.0,0.0,0.0,0.0,0.0,0.0
Bermuda,2020-03-20,3.0,1.0,0.0,0.0,0.0,0.0,0.0,1.0,0.0,0.0,0.0,0.0
Bermuda,2020-04-04,0.0,1.0,2.0,4.0,0.0,2.0,2.0,0.0,0.0,0.0,0.0,1.0
Bermuda,2020-12-12,0.0,0.0,1.0,1.0,0.0,2.0,0.0,0.0,0.0,0.0,0.0,0.0
Bolivia,2020-03-12,3.0,0.0,2.0,1.0,0.0,0.0,0.0,0.0,0.0,0.0,0.0,0.0
Bolivia,2020-03-13,0.0,0.0,0.0,0.0,0.0,0.0,0.0,3.0,1.0,0.0,0.0,0.0
Bolivia,2020-03-17,0.0,0.0,0.0,3.0,0.0,2.0,0.0,0.0,0.0,0.0,0.0,0.0
Brazil,2020-03-13,0.0,0.0,1.0,2.0,0.0,0.0,0.0,2.0,0.0,0.0,0.0,0.0
Brazil,2020-03-20,0.0,3.0,1.0,1.0,0.0,1.0,1.0,0.0,0.0,0.0,0.0,0.0
Brazil,2020-04-17,0.0,0.0,0.0,0.0,0.0,0.0,0.0,0.0,0.0,0.0,0.0,4.0
Brazil,2020-03-13,0.0,0.0,1.0,2.0,0.0,0.0,0.0,2.0,0.0,0.0,0.0,0.0
Brazil,2020-03-23,1.0,0.0,0.0,2.0,1.0,0.0,1.0,0.0,0.0,0.0,0.0,0.0
Brazil,2020-03-13,0.0,0.0,2.0,2.0,0.0,0.0,0.0,2.0,0.0,0.0,0.0,0.0
Brazil,2020-03-16,3.0,0.0,0.0,0.0,0.0,1.0,2.0,0.0,0.0,0.0,0.0,0.0
Brazil,2020-03-13,0.0,0.0,1.0,2.0,0.0,0.0,0.0,2.0,0.0,0.0,0.0,0.0
Brazil,2020-03-18,3.0,0.0,0.0,0.0,0.0,0.0,1.0,1.0,0.0,0.0,0.0,0.0
Brazil,2020-03-20,0.0,2.0,0.0,1.0,1.0,0.0,0.0,0.0,0.0,0.0,0.0,0.0
Brazil,2020-03-13,0.0,0.0,2.0,3.0,0.0,0.0,0.0,2.0,0.0,0.0,0.0,0.0
Brazil,2020-03-16,3.0,2.0,0.0,0.0,0.0,0.0,0.0,0.0,0.0,0.0,0.0,0.0
Brazil,2020-03-13,0.0,0.0,1.0,2.0,0.0,0.0,0.0,2.0,0.0,0.0,0.0,0.0
Brazil,2020-03-17,2.0,2.0,0.0,0.0,0.0,0.0,0.0,0.0,0.0,0.0,0.0,0.0
Brazil,2020-03-13,0.0,0.0,1.0,2.0,0.0,0.0,0.0,2.0,0.0,0.0,0.0,0.0
Brazil,2020-03-17,2.0,0.0,1.0,0.0,0.0,1.0,0.0,0.0,0.0,0.0,0.0,0.0
Brazil,2020-03-13,0.0,0.0,2.0,4.0,0.0,0.0,0.0,2.0,0.0,0.0,0.0,0.0
Brazil,2020-03-17,0.0,3.0,0.0,0.0,0.0,1.0,0.0,0.0,0.0,0.0,0.0,0.0
Brazil,2020-04-20,0.0,0.0,0.0,0.0,0.0,0.0,0.0,0.0,0.0,0.0,0.0,4.0
Brazil,2020-03-13,0.0,0.0,1.0,2.0,0.0,0.0,0.0,2.0,0.0,0.0,0.0,0.0
Brazil,2020-03-17,3.0,3.0,0.0,0.0,0.0,1.0,0.0,0.0,0.0,2.0,0.0,0.0
Brazil,2020-04-15,0.0,0.0,0.0,0.0,0.0,0.0,0.0,0.0,0.0,0.0,0.0,4.0
Brazil,2020-03-13,0.0,0.0,1.0,2.0,0.0,0.0,0.0,2.0,0.0,0.0,0.0,0.0
Brazil,2020-03-19,0.0,1.0,0.0,2.0,1.0,1.0,0.0,0.0,0.0,0.0,0.0,0.0
Brazil,2020-03-13,0.0,0.0,1.0,2.0,0.0,0.0,0.0,2.0,0.0,0.0,0.0,0.0
Brazil,2020-03-16,0.0,2.0,1.0,1.0,0.0,0.0,0.0,0.0,0.0,0.0,0.0,0.0
Brazil,2020-03-18,3.0,0.0,0.0,0.0,0.0,0.0,1.0,1.0,0.0,0.0,0.0,0.0
Brazil,2020-03-13,0.0,0.0,1.0,2.0,0.0,0.0,0.0,2.0,0.0,0.0,0.0,0.0
Brazil,2020-03-18,3.0,2.0,0.0,0.0,0.0,0.0,1.0,1.0,0.0,0.0,0.0,0.0
Brazil,2020-03-13,0.0,0.0,1.0,2.0,0.0,0.0,0.0,2.0,0.0,0.0,0.0,0.0
Brazil,2020-03-16,2.0,2.0,1.0,2.0,1.0,1.0,0.0,0.0,0.0,0.0,0.0,0.0
Brazil,2020-04-22,0.0,0.0,0.0,0.0,0.0,0.0,0.0,0.0,0.0,0.0,0.0,4.0
Brazil,2020-03-13,0.0,0.0,1.0,2.0,0.0,0.0,0.0,2.0,0.0,0.0,0.0,0.0
Brazil,2020-03-18,3.0,0.0,0.0,0.0,0.0,0.0,1.0,1.0,0.0,0.0,0.0,0.0
Brazil,2020-03-20,0.0,3.0,0.0,0.0,0.0,1.0,0.0,0.0,0.0,0.0,0.0,0.0
Brazil,2020-05-04,0.0,0.0,0.0,0.0,0.0,0.0,0.0,0.0,0.0,0.0,0.0,4.0
Brazil,2020-03-13,0.0,0.0,1.0,2.0,0.0,0.0,0.0,2.0,0.0,0.0,0.0,0.0
Brazil,2020-03-18,3.0,0.0,0.0,1.0,0.0,0.0,1.0,1.0,0.0,-1.0,0.0,0.0
Brazil,2020-05-16,0.0,0.0,0.0,0.0,1.0,2.0,0.0,0.0,0.0,0.0,0.0,2.0
Brazil,2020-03-13,0.0,0.0,1.0,2.0,0.0,0.0,0.0,2.0,0.0,0.0,0.0,0.0
Brazil,2020-03-18,0.0,1.0,0.0,2.0,0.0,0.0,1.0,1.0,0.0,0.0,0.0,0.0
Brazil,2020-03-13,0.0,0.0,1.0,2.0,0.0,0.0,0.0,2.0,0.0,0.0,0.0,0.0
Brazil,2020-03-16,0.0,2.0,1.0,1.0,0.0,0.0,0.0,0.0,0.0,2.0,0.0,0.0
Brazil,2020-03-13,3.0,2.0,2.0,4.0,0.0,1.0,0.0,2.0,0.0,0.0,0.0,0.0
Brazil,2020-03-13,0.0,2.0,1.0,2.0,0.0,1.0,2.0,2.0,0.0,2.0,0.0,0.0
Brazil,2020-03-17,3.0,0.0,1.0,0.0,0.0,0.0,0.0,0.0,0.0,0.0,0.0,0.0
Brazil,2020-03-13,0.0,0.0,1.0,2.0,0.0,0.0,0.0,2.0,0.0,0.0,0.0,0.0
Brazil,2020-03-17,3.0,2.0,1.0,0.0,0.0,0.0,0.0,0.0,0.0,0.0,0.0,0.0
Brazil,2020-03-20,0.0,1.0,0.0,1.0,1.0,1.0,1.0,0.0,0.0,0.0,0.0,0.0
Brazil,2020-03-13,0.0,0.0,1.0,2.0,0.0,0.0,0.0,2.0,0.0,0.0,0.0,0.0
Brazil,2020-03-16,3.0,0.0,1.0,2.0,0.0,0.0,0.0,0.0,0.0,0.0,0.0,0.0
Brazil,2020-03-13,0.0,0.0,1.0,2.0,0.0,0.0,0.0,2.0,0.0,0.0,0.0,0.0
Brazil,2020-03-16,3.0,0.0,1.0,1.0,0.0,0.0,0.0,0.0,0.0,0.0,0.0,0.0
Brazil,2020-03-19,0.0,1.0,0.0,0.0,1.0,1.0,1.0,0.0,0.0,0.0,0.0,0.0
Brazil,2020-03-13,0.0,0.0,1.0,2.0,0.0,1.0,0.0,2.0,0.0,0.0,0.0,0.0
Brazil,2020-03-16,0.0,2.0,1.0,1.0,0.0,0.0,0.0,0.0,0.0,0.0,0.0,0.0
Brazil,2020-03-17,0.0,1.0,0.0,0.0,2.0,0.0,2.0,1.0,0.0,0.0,0.0,0.0
Brazil,2020-03-13,0.0,0.0,1.0,2.0,0.0,0.0,0.0,2.0,0.0,0.0,0.0,0.0
Brazil,2020-03-16,3.0,0.0,0.0,0.0,0.0,1.0,0.0,0.0,0.0,0.0,0.0,0.0
Brazil,2020-03-17,0.0,2.0,1.0,2.0,0.0,0.0,0.0,0.0,0.0,0.0,0.0,0.0
Brazil,2020-04-27,0.0,0.0,0.0,0.0,0.0,0.0,0.0,0.0,0.0,0.0,0.0,4.0
Brazil,2020-03-13,2.0,0.0,2.0,2.0,0.0,0.0,0.0,2.0,0.0,0.0,0.0,0.0
Brazil,2020-03-16,0.0,3.0,0.0,2.0,1.0,0.0,0.0,0.0,0.0,0.0,0.0,0.0
Brazil,2020-03-13,0.0,0.0,1.0,2.0,0.0,0.0,0.0,2.0,0.0,0.0,0.0,0.0
Brazil,2020-03-16,0.0,2.0,1.0,1.0,0.0,0.0,0.0,0.0,0.0,0.0,0.0,0.0
Brazil,2020-03-18,1.0,1.0,0.0,0.0,0.0,0.0,1.0,1.0,0.0,0.0,0.0,0.0
Brazil,2020-03-12,3.0,0.0,2.0,0.0,0.0,0.0,0.0,0.0,0.0,0.0,0.0,0.0
Brazil,2020-03-13,0.0,1.0,0.0,0.0,0.0,1.0,0.0,2.0,0.0,0.0,0.0,0.0
Brazil,2020-03-17,0.0,2.0,0.0,0.0,0.0,0.0,2.0,0.0,0.0,0.0,0.0,0.0
Barbados,2020-03-17,0.0,0.0,2.0,3.0,0.0,0.0,1.0,0.0,0.0,0.0,0.0,0.0
Barbados,2020-03-28,0.0,3.0,0.0,0.0,0.0,1.0,1.0,0.0,0.0,0.0,0.0,0.0
Brunei,2020-03-13,0.0,0.0,2.0,3.0,0.0,0.0,0.0,0.0,0.0,0.0,0.0,0.0
Bhutan,2020-03-06,3.0,0.0,0.0,2.0,0.0,0.0,0.0,1.0,0.0,0.0,2.0,0.0
Bhutan,2020-03-27,0.0,2.0,2.0,2.0,1.0,0.0,2.0,0.0,0.0,0.0,0.0,0.0
Bhutan,2020-08-11,1.0,1.0,1.0,1.0,2.0,2.0,0.0,0.0,0.0,0.0,0.0,0.0
Bhutan,2020-12-20,1.0,2.0,0.0,1.0,2.0,1.0,0.0,0.0,0.0,0.0,0.0,0.0
Botswana,2020-03-16,0.0,0.0,2.0,3.0,0.0,0.0,1.0,2.0,0.0,0.0,0.0,0.0
Botswana,2020-03-19,3.0,0.0,0.0,0.0,0.0,0.0,0.0,1.0,0.0,0.0,0.0,0.0
Botswana,2020-04-02,0.0,3.0,0.0,1.0,0.0,2.0,1.0,0.0,0.0,0.0,0.0,0.0
Botswana,2020-06-13,1.0,2.0,1.0,0.0,0.0,2.0,0.0,0.0,0.0,0.0,0.0,0.0
Central African Republic,2020-03-26,3.0,2.0,2.0,3.0,0.0,0.0,2.0,4.0,0.0,0.0,0.0,0.0
Canada,2020-03-16,3.0,2.0,0.0,0.0,0.0,0.0,0.0,2.0,0.0,0.0,0.0,0.0
Canada,2020-03-17,3.0,2.0,1.0,0.0,0.0,1.0,2.0,0.0,0.0,0.0,0.0,0.0
Canada,2020-03-13,0.0,0.0,1.0,2.0,0.0,1.0,1.0,0.0,0.0,0.0,0.0,0.0
Canada,2020-03-16,0.0,0.0,0.0,0.0,0.0,0.0,0.0,4.0,0.0,0.0,0.0,0.0
Canada,2020-03-16,3.0,1.0,0.0,0.0,0.0,1.0,0.0,4.0,0.0,0.0,0.0,0.0
Canada,2020-03-19,0.0,1.0,1.0,4.0,1.0,1.0,0.0,0.0,0.0,0.0,0.0,0.0
Canada,2021-01-06,0.0,1.0,0.0,1.0,1.0,0.0,0.0,0.0,0.0,0.0,0.0,1.0
Canada,2021-01-23,2.0,1.0,0.0,0.0,0.0,1.0,0.0,0.0,0.0,0.0,0.0,0.0
Canada,2020-03-13,0.0,2.0,1.0,2.0,0.0,0.0,0.0,0.0,0.0,0.0,0.0,0.0
Canada,2020-03-14,0.0,0.0,0.0,0.0,0.0,0.0,0.0,2.0,0.0,1.0,2.0,0.0
Canada,2020-03-16,2.0,0.0,0.0,0.0,0.0,0.0,0.0,2.0,0.0,0.0,0.0,0.0
Canada,2020-03-13,0.0,2.0,0.0,0.0,0.0,0.0,0.0,2.0,0.0,0.0,0.0,0.0
Canada,2020-03-15,2.0,0.0,0.0,2.0,0.0,0.0,0.0,0.0,0.0,0.0,0.0,0.0
Canada,2020-03-22,0.0,0.0,1.0,1.0,0.0,2.0,0.0,0.0,0.0,0.0,0.0,0.0
Canada,2020-03-16,2.0,0.0,0.0,0.0,0.0,0.0,0.0,4.0,0.0,0.0,0.0,0.0
Canada,2020-03-21,0.0,0.0,0.0,0.0,0.0,0.0,2.0,0.0,0.0,0.0,2.0,0.0
Canada,2020-04-11,0.0,0.0,0.0,4.0,0.0,0.0,0.0,0.0,0.0,0.0,0.0,0.0
Canada,2020-04-27,0.0,0.0,1.0,4.0,0.0,0.0,0.0,0.0,0.0,0.0,0.0,0.0
Canada,2020-11-06,2.0,1.0,1.0,0.0,0.0,0.0,0.0,0.0,0.0,0.0,0.0,0.0
Canada,2020-03-16,0.0,1.0,0.0,0.0,0.0,1.0,0.0,4.0,0.0,0.0,0.0,0.0
Canada,2020-03-17,2.0,1.0,1.0,1.0,0.0,0.0,0.0,0.0,0.0,0.0,0.0,0.0
Canada,2020-03-16,2.0,2.0,1.0,4.0,0.0,0.0,0.0,2.0,0.0,0.0,0.0,0.0
Canada,2020-12-07,1.0,1.0,1.0,1.0,0.0,1.0,0.0,0.0,0.0,0.0,0.0,0.0
Canada,2020-03-11,0.0,1.0,1.0,0.0,0.0,0.0,0.0,2.0,0.0,0.0,0.0,0.0
Canada,2020-03-16,1.0,0.0,0.0,0.0,0.0,1.0,0.0,2.0,0.0,0.0,0.0,0.0
Canada,2020-10-01,1.0,0.0,0.0,1.0,0.0,1.0,1.0,0.0,0.0,0.0,0.0,0.0
Canada,2020-03-16,3.0,0.0,0.0,3.0,0.0,0.0,0.0,0.0,0.0,0.0,0.0,0.0
Canada,2020-03-18,0.0,3.0,0.0,0.0,0.0,0.0,0.0,3.0,0.0,0.0,0.0,0.0
Switzerland,2020-03-17,0.0,3.0,0.0,3.0,0.0,1.0,1.0,0.0,0.0,0.0,0.0,0.0
Switzerland,2020-11-02,2.0,1.0,2.0,0.0,0.0,0.0,0.0,0.0,0.0,0.0,0.0,0.0
Chile,2020-03-16,0.0,3.0,2.0,2.0,0.0,0.0,0.0,0.0,0.0,0.0,0.0,0.0
Chile,2020-03-25,0.0,0.0,0.0,1.0,0.0,2.0,2.0,0.0,0.0,0.0,0.0,0.0
China,2020-01-22,0.0,0.0,2.0,4.0,0.0,0.0,0.0,0.0,0.0,0.0,0.0,1.0
China,2020-01-23,0.0,0.0,0.0,0.0,2.0,1.0,2.0,0.0,0.0,0.0,0.0,0.0
China,2020-01-26,3.0,3.0,0.0,0.0,0.0,0.0,0.0,0.0,0.0,0.0,0.0,0.0
China,2020-05-10,0.0,1.0,0.0,0.0,2.0,2.0,1.0,0.0,0.0,0.0,0.0,0.0
China,2020-09-15,1.0,2.0,0.0,0.0,2.0,3.0,2.0,0.0,0.0,0.0,0.0,0.0
China,2020-10-24,2.0,1.0,0.0,1.0,2.0,0.0,0.0,0.0,0.0,0.0,0.0,2.0
China,2020-11-20,2.0,1.0,0.0,0.0,0.0,1.0,0.0,0.0,0.0,0.0,0.0,0.0
Cote d'Ivoire,2020-03-16,3.0,0.0,0.0,0.0,0.0,0.0,0.0,3.0,0.0,2.0,0.0,0.0
Cote d'Ivoire,2020-03-19,0.0,2.0,2.0,3.0,0.0,0.0,0.0,0.0,0.0,0.0,0.0,0.0
Cameroon,2020-03-18,3.0,2.0,2.0,3.0,1.0,0.0,1.0,2.0,0.0,0.0,0.0,0.0
Democratic Republic of Congo,2020-03-19,3.0,2.0,2.0,0.0,0.0,0.0,0.0,0.0,1.0,0.0,0.0,0.0
Democratic Republic of Congo,2020-03-24,0.0,0.0,0.0,3.0,1.0,0.0,0.0,1.0,0.0,0.0,0.0,0.0
Congo,2020-03-28,3.0,3.0,2.0,3.0,0.0,3.0,2.0,0.0,0.0,0.0,0.0,0.0
Colombia,2020-03-12,0.0,0.0,2.0,2.0,0.0,0.0,0.0,2.0,0.0,0.0,0.0,0.0
Colombia,2020-03-25,0.0,2.0,0.0,0.0,1.0,2.0,2.0,1.0,0.0,0.0,0.0,0.0
Colombia,2021-01-07,0.0,2.0,1.0,1.0,1.0,2.0,1.0,0.0,0.0,0.0,0.0,0.0
Cape Verde,2020-03-28,1.0,3.0,0.0,0.0,1.0,0.0,0.0,0.0,0.0,0.0,0.0,0.0
Costa Rica,2020-03-10,0.0,2.0,2.0,0.0,0.0,0.0,0.0,0.0,0.0,0.0,0.0,0.0
Costa Rica,2020-03-17,1.0,0.0,0.0,0.0,0.0,0.0,2.0,4.0,0.0,0.0,0.0,0.0
Cuba,2020-03-20,0.0,0.0,2.0,0.0,0.0,0.0,0.0,2.0,0.0,0.0,0.0,0.0
Cuba,2020-03-24,3.0,0.0,0.0,0.0,2.0,2.0,0.0,0.0,0.0,0.0,0.0,0.0
Cuba,2020-05-11,0.0,0.0,0.0,4.0,0.0,1.0,0.0,0.0,0.0,0.0,0.0,0.0
Cuba,2020-08-09,0.0,0.0,0.0,0.0,2.0,0.0,0.0,0.0,0.0,0.0,0.0,3.0
Cyprus,2020-03-13,3.0,0.0,0.0,0.0,0.0,0.0,0.0,2.0,0.0,0.0,0.0,0.0
Cyprus,2020-03-23,0.0,0.0,0.0,4.0,0.0,0.0,0.0,0.0,0.0,1.0,0.0,0.0
Cyprus,2020-03-24,0.0,0.0,0.0,0.0,2.0,2.0,2.0,0.0,0.0,0.0,0.0,0.0
Czech Republic,2020-03-11,3.0,0.0,2.0,0.0,0.0,0.0,0.0,0.0,0.0,0.0,0.0,0.0
Czech Republic,2020-10-22,0.0,1.0,0.0,0.0,0.0,2.0,1.0,0.0,0.0,0.0,0.0,0.0
Germany,2020-03-21,0.0,0.0,0.0,3.0,0.0,1.0,0.0,0.0,0.0,0.0,0.0,0.0
Germany,2020-12-16,2.0,1.0,0.0,0.0,0.0,1.0,0.0,0.0,0.0,0.0,0.0,0.0
Djibouti,2020-03-18,0.0,0.0,0.0,0.0,0.0,0.0,0.0,4.0,2.0,2.0,2.0,0.0
Djibouti,2020-03-23,0.0,1.0,2.0,4.0,0.0,3.0,2.0,0.0,0.0,0.0,0.0,0.0
Dominica,2020-03-22,0.0,0.0,0.0,0.0,0.0,0.0,0.0,1.0,2.0,2.0,2.0,0.0
Dominica,2020-04-01,0.0,3.0,2.0,4.0,0.0,2.0,1.0,1.0,0.0,0.0,0.0,0.0
Dominica,2020-12-07,0.0,1.0,2.0,2.0,0.0,2.0,0.0,0.0,0.0,-1.0,0.0,0.0
Denmark,2020-03-13,3.0,0.0,0.0,3.0,0.0,0.0,1.0,0.0,0.0,0.0,0.0,0.0
Denmark,2020-11-09,2.0,0.0,0.0,0.0,0.0,1.0,1.0,0.0,0.0,0.0,0.0,0.0
Dominican Republic,2020-03-17,0.0,0.0,0.0,4.0,0.0,1.0,0.0,0.0,0.0,0.0,0.0,0.0
Dominican Republic,2020-03-19,3.0,3.0,2.0,0.0,2.0,0.0,0.0,1.0,0.0,0.0,0.0,0.0
Algeria,2020-03-12,3.0,0.0,0.0,0.0,0.0,0.0,0.0,1.0,0.0,0.0,0.0,0.0
Algeria,2020-03-23,0.0,2.0,0.0,0.0,2.0,3.0,2.0,0.0,0.0,0.0,0.0,0.0
Algeria,2020-03-30,0.0,1.0,0.0,4.0,0.0,0.0,0.0,0.0,0.0,0.0,0.0,0.0
Algeria,2020-08-18,0.0,0.0,0.0,4.0,0.0,0.0,0.0,0.0,0.0,0.0,0.0,0.0
Ecuador,2020-03-13,3.0,0.0,2.0,0.0,0.0,0.0,0.0,0.0,1.0,0.0,0.0,0.0
Ecuador,2020-03-15,0.0,0.0,0.0,0.0,2.0,0.0,0.0,3.0,0.0,0.0,0.0,0.0
Ecuador,2020-03-17,0.0,3.0,0.0,3.0,0.0,2.0,2.0,0.0,0.0,0.0,1.0,1.0
Ecuador,2020-12-21,0.0,0.0,0.0,0.0,1.0,2.0,1.0,0.0,0.0,0.0,0.0,0.0
Egypt,2020-03-19,0.0,0.0,0.0,0.0,0.0,0.0,0.0,4.0,0.0,0.0,0.0,0.0
Egypt,2020-03-25,0.0,0.0,0.0,1.0,2.0,2.0,2.0,0.0,0.0,0.0,0.0,0.0
Egypt,2020-10-16,0.0,0.0,0.0,1.0,1.0,1.0,0.0,1.0,0.0,0.0,0.0,0.0
Eritrea,2020-03-23,0.0,0.0,2.0,4.0,1.0,1.0,0.0,0.0,0.0,1.0,1.0,0.0
Eritrea,2020-03-27,3.0,0.0,0.0,0.0,1.0,0.0,0.0,0.0,0.0,0.0,0.0,0.0
Eritrea,2020-09-18,0.0,0.0,0.0,-1.0,0.0,0.0,0.0,0.0,0.0,2.0,0.0,3.0
Eritrea,2020-11-03,0.0,0.0,0.0,-1.0,0.0,2.0,0.0,0.0,0.0,2.0,1.0,0.0
Spain,2020-01-31,0.0,0.0,0.0,0.0,0.0,0.0,0.0,0.0,2.0,0.0,2.0,0.0
Spain,2020-03-09,3.0,1.0,0.0,0.0,0.0,0.0,1.0,0.0,0.0,0.0,0.0,0.0
Spain,2020-03-10,0.0,0.0,2.0,1.0,0.0,0.0,0.0,3.0,0.0,0.0,0.0,0.0
Spain,2020-03-14,0.0,1.0,0.0,0.0,1.0,2.0,0.0,0.0,0.0,0.0,0.0,0.0
Spain,2020-03-30,0.0,1.0,0.0,3.0,0.0,0.0,0.0,0.0,0.0,0.0,0.0,0.0
Spain,2020-07-04,0.0,0.0,0.0,2.0,0.0,1.0,2.0,0.0,0.0,0.0,0.0,0.0
Estonia,2020-03-12,0.0,0.0,2.0,0.0,0.0,0.0,0.0,1.0,2.0,1.0,0.0,0.0
Estonia,2020-03-25,0.0,0.0,0.0,4.0,0.0,0.0,0.0,0.0,0.0,0.0,0.0,0.0
Ethiopia,2020-03-16,2.0,0.0,2.0,1.0,0.0,0.0,0.0,0.0,2.0,0.0,0.0,0.0
Ethiopia,2020-04-08,0.0,0.0,0.0,3.0,0.0,1.0,0.0,0.0,0.0,0.0,0.0,3.0
Finland,2020-03-12,0.0,1.0,2.0,1.0,0.0,0.0,0.0,0.0,0.0,0.0,0.0,0.0
Finland,2020-03-16,0.0,0.0,0.0,3.0,0.0,1.0,1.0,1.0,0.0,0.0,0.0,0.0
Fiji,2020-03-19,3.0,3.0,0.0,3.0,2.0,2.0,2.0,0.0,0.0,0.0,2.0,0.0
France,2020-02-29,0.0,0.0,2.0,4.0,0.0,0.0,0.0,0.0,0.0,0.0,0.0,0.0
France,2020-03-17,0.0,3.0,0.0,0.0,0.0,2.0,1.0,2.0,0.0,-1.0,0.0,0.0
France,2020-10-30,1.0,1.0,1.0,0.0,0.0,0.0,2.0,0.0,0.0,0.0,0.0,0.0
Faeroe Islands,2020-03-12,0.0,1.0,2.0,2.0,0.0,0.0,0.0,0.0,0.0,0.0,0.0,0.0
Gabon,2020-03-13,0.0,0.0,2.0,3.0,0.0,0.0,0.0,0.0,0.0,0.0,0.0,0.0
Gabon,2020-03-20,0.0,2.0,0.0,1.0,1.0,0.0,0.0,1.0,0.0,0.0,0.0,0.0
United Kingdom,2020-03-23,0.0,0.0,0.0,4.0,0.0,0.0,0.0,0.0,0.0,0.0,0.0,0.0
United Kingdom,2020-03-23,3.0,0.0,0.0,4.0,0.0,2.0,1.0,0.0,0.0,0.0,0.0,0.0
United Kingdom,2020-03-23,0.0,0.0,0.0,4.0,0.0,2.0,1.0,0.0,0.0,0.0,0.0,0.0
United Kingdom,2020-10-14,2.0,0.0,0.0,0.0,0.0,1.0,2.0,0.0,0.0,0.0,0.0,0.0
United Kingdom,2020-03-16,0.0,1.0,1.0,2.0,0.0,0.0,0.0,0.0,0.0,0.0,0.0,0.0
United Kingdom,2020-03-20,3.0,0.0,0.0,0.0,1.0,0.0,0.0,0.0,0.0,0.0,0.0,0.0
United Kingdom,2020-03-23,0.0,0.0,0.0,4.0,0.0,2.0,1.0,0.0,0.0,0.0,0.0,0.0
Georgia,2020-03-21,0.0,0.0,0.0,4.0,0.0,0.0,0.0,0.0,0.0,0.0,0.0,0.0
Georgia,2020-11-28,0.0,0.0,1.0,0.0,1.0,0.0,2.0,0.0,0.0,0.0,0.0,0.0
Ghana,2020-03-16,3.0,0.0,2.0,3.0,0.0,0.0,0.0,0.0,0.0,0.0,0.0,0.0
Ghana,2020-03-30,0.0,3.0,0.0,0.0,2.0,2.0,2.0,0.0,0.0,0.0,0.0,0.0
Guinea,2020-03-27,3.0,2.0,2.0,3.0,1.0,0.0,1.0,1.0,0.0,0.0,0.0,0.0
Guinea,2020-04-18,0.0,0.0,0.0,0.0,0.0,0.0,0.0,0.0,0.0,0.0,0.0,4.0
Guinea,2020-11-24,3.0,0.0,0.0,-1.0,0.0,0.0,2.0,1.0,0.0,0.0,2.0,0.0
Gambia,2020-03-18,3.0,0.0,1.0,3.0,0.0,1.0,1.0,0.0,0.0,2.0,1.0,0.0
Gambia,2020-03-27,0.0,3.0,1.0,0.0,1.0,0.0,0.0,0.0,0.0,0.0,0.0,0.0
Gambia,2020-08-06,2.0,3.0,2.0,0.0,0.0,3.0,0.0,0.0,0.0,0.0,0.0,0.0
Greece,2020-03-14,0.0,0.0,0.0,0.0,1.0,0.0,0.0,3.0,0.0,0.0,0.0,0.0
Greece,2020-03-18,0.0,0.0,0.0,4.0,0.0,0.0,0.0,0.0,0.0,0.0,0.0,0.0
Greece,2020-09-29,0.0,1.0,0.0,1.0,0.0,0.0,0.0,0.0,0.0,0.0,0.0,2.0
Greenland,2020-03-13,0.0,0.0,0.0,2.0,1.0,0.0,1.0,4.0,0.0,0.0,0.0,0.0
Greenland,2020-03-18,0.0,2.0,2.0,1.0,0.0,1.0,1.0,0.0,0.0,0.0,0.0,0.0
Guatemala,2020-03-17,0.0,3.0,1.0,0.0,2.0,0.0,0.0,0.0,0.0,0.0,0.0,0.0
Guam,2020-03-16,3.0,2.0,1.0,3.0,0.0,1.0,0.0,3.0,0.0,0.0,0.0,0.0
Guyana,2020-04-03,0.0,0.0,1.0,4.0,0.0,1.0,1.0,0.0,0.0,0.0,0.0,0.0
Hong Kong,2020-03-29,0.0,0.0,0.0,4.0,0.0,0.0,0.0,0.0,0.0,0.0,0.0,0.0
Hong Kong,2020-07-15,1.0,2.0,2.0,1.0,0.0,0.0,0.0,0.0,0.0,0.0,0.0,0.0
Honduras,2020-03-13,3.0,0.0,2.0,0.0,0.0,0.0,0.0,0.0,0.0,0.0,0.0,0.0
Honduras,2020-03-16,0.0,2.0,0.0,4.0,2.0,3.0,2.0,3.0,0.0,0.0,0.0,0.0
Croatia,2020-03-20,0.0,1.0,0.0,4.0,0.0,0.0,0.0,0.0,0.0,0.0,0.0,0.0
Croatia,2020-03-23,0.0,0.0,0.0,0.0,0.0,2.0,2.0,0.0,0.0,0.0,0.0,0.0
Haiti,2020-03-19,3.0,3.0,2.0,4.0,0.0,2.0,2.0,0.0,0.0,1.0,0.0,0.0
Haiti,2020-09-21,0.0,0.0,2.0,4.0,0.0,1.0,0.0,0.0,0.0,0.0,0.0,0.0
Hungary,2020-03-11,2.0,0.0,2.0,1.0,0.0,0.0,1.0,0.0,0.0,0.0,0.0,0.0
Hungary,2020-03-16,1.0,2.0,0.0,0.0,1.0,0.0,0.0,1.0,0.0,0.0,0.0,0.0
Hungary,2020-11-10,1.0,0.0,1.0,2.0,0.0,0.0,0.0,0.0,0.0,0.0,0.0,0.0
Indonesia,2020-04-07,0.0,0.0,0.0,4.0,0.0,0.0,0.0,0.0,0.0,0.0,0.0,0.0
Indonesia,2020-04-10,0.0,2.0,0.0,0.0,0.0,2.0,0.0,0.0,0.0,0.0,0.0,0.0
India,2020-03-05,2.0,0.0,1.0,0.0,0.0,0.0,0.0,0.0,1.0,0.0,0.0,0.0
India,2020-03-19,0.0,0.0,0.0,4.0,0.0,0.0,0.0,0.0,0.0,0.0,0.0,0.0
India,2020-04-09,0.0,0.0,0.0,0.0,0.0,0.0,0.0,0.0,0.0,2.0,0.0,3.0
Ireland,2020-03-12,0.0,1.0,2.0,2.0,0.0,0.0,0.0,0.0,0.0,0.0,0.0,0.0
Ireland,2020-03-27,0.0,2.0,0.0,0.0,2.0,0.0,0.0,0.0,0.0,0.0,0.0,0.0
Ireland,2020-08-08,0.0,2.0,0.0,1.0,0.0,2.0,2.0,0.0,0.0,0.0,0.0,0.0
Ireland,2020-10-21,1.0,1.0,0.0,1.0,0.0,1.0,1.0,0.0,0.0,0.0,0.0,0.0
Iran,2020-03-05,3.0,0.0,0.0,0.0,0.0,0.0,2.0,0.0,0.0,0.0,0.0,0.0
Iran,2020-05-17,0.0,0.0,0.0,0.0,0.0,0.0,0.0,0.0,0.0,2.0,2.0,0.0
Iran,2020-07-11,0.0,0.0,0.0,2.0,0.0,0.0,0.0,3.0,0.0,0.0,0.0,0.0
Iran,2020-10-26,0.0,3.0,0.0,0.0,1.0,0.0,0.0,0.0,0.0,0.0,0.0,0.0
Iraq,2020-02-25,3.0,0.0,2.0,4.0,0.0,0.0,0.0,0.0,0.0,0.0,1.0,0.0
Iraq,2020-03-13,0.0,0.0,0.0,0.0,2.0,2.0,0.0,0.0,0.0,0.0,0.0,0.0
Iraq,2020-03-17,0.0,3.0,0.0,0.0,0.0,0.0,0.0,1.0,0.0,0.0,0.0,0.0
Iraq,2020-04-20,0.0,0.0,0.0,0.0,0.0,0.0,0.0,0.0,0.0,0.0,0.0,4.0
Iceland,2020-03-09,0.0,0.0,0.0,0.0,0.0,0.0,0.0,0.0,0.0,2.0,2.0,0.0
Iceland,2020-03-16,2.0,2.0,2.0,0.0,0.0,0.0,0.0,0.0,0.0,0.0,0.0,0.0
Iceland,2020-07-31,0.0,1.0,0.0,1.0,0.0,0.0,0.0,0.0,0.0,0.0,0.0,2.0
Israel,2020-03-12,0.0,0.0,0.0,2.0,0.0,0.0,0.0,1.0,0.0,0.0,1.0,0.0
Israel,2020-04-01,0.0,1.0,0.0,0.0,0.0,0.0,0.0,0.0,0.0,0.0,0.0,3.0
Israel,2020-09-18,2.0,1.0,2.0,1.0,0.0,2.0,2.0,0.0,0.0,0.0,0.0,0.0
Israel,2020-11-04,0.0,0.0,1.0,0.0,0.0,2.0,2.0,1.0,0.0,2.0,0.0,0.0
Italy,2020-01-31,0.0,0.0,0.0,0.0,0.0,0.0,0.0,0.0,2.0,1.0,2.0,0.0
Italy,2020-02-23,3.0,0.0,2.0,4.0,0.0,2.0,0.0,0.0,0.0,0.0,0.0,0.0
Italy,2020-04-04,0.0,0.0,0.0,0.0,0.0,0.0,0.0,0.0,0.0,0.0,0.0,4.0
Italy,2020-10-23,1.0,0.0,0.0,1.0,1.0,2.0,2.0,-1.0,0.0,0.0,1.0,0.0
Jamaica,2020-01-31,0.0,0.0,0.0,0.0,0.0,0.0,0.0,3.0,0.0,0.0,1.0,0.0
Jamaica,2020-03-13,3.0,0.0,0.0,0.0,0.0,3.0,2.0,0.0,0.0,0.0,0.0,0.0
Jamaica,2020-03-18,0.0,1.0,0.0,3.0,0.0,0.0,0.0,0.0,0.0,0.0,0.0,0.0
Jordan,2020-03-15,3.0,0.0,0.0,0.0,0.0,0.0,0.0,4.0,0.0,0.0,0.0,0.0
Jordan,2020-03-18,0.0,3.0,2.0,4.0,2.0,3.0,2.0,0.0,0.0,0.0,0.0,0.0
Kazakhstan,2020-03-16,3.0,0.0,0.0,0.0,0.0,0.0,0.0,1.0,2.0,0.0,0.0,0.0
Kazakhstan,2020-03-19,0.0,0.0,0.0,3.0,2.0,3.0,0.0,0.0,0.0,0.0,0.0,0.0
Kenya,2020-03-13,0.0,0.0,2.0,4.0,0.0,0.0,0.0,0.0,0.0,0.0,0.0,0.0
Kenya,2020-03-15,3.0,1.0,0.0,0.0,0.0,0.0,0.0,0.0,0.0,0.0,0.0,0.0
Kenya,2020-03-27,0.0,0.0,0.0,0.0,0.0,2.0,2.0,0.0,0.0,0.0,0.0,0.0
Kenya,2020-04-04,0.0,0.0,0.0,0.0,0.0,0.0,0.0,0.0,0.0,0.0,0.0,4.0
Kyrgyz Republic,2020-03-17,0.0,2.0,0.0,3.0,0.0,0.0,0.0,1.0,0.0,0.0,0.0,0.0
Kyrgyz Republic,2020-03-25,0.0,1.0,0.0,1.0,2.0,2.0,1.0,0.0,0.0,0.0,0.0,0.0
Cambodia,2020-03-07,3.0,0.0,2.0,0.0,0.0,0.0,0.0,0.0,0.0,0.0,0.0,0.0
Cambodia,2020-03-17,0.0,2.0,0.0,4.0,0.0,0.0,0.0,0.0,0.0,0.0,0.0,0.0
Cambodia,2020-11-30,1.0,0.0,1.0,1.0,0.0,1.0,0.0,0.0,0.0,0.0,0.0,0.0
South Korea,2020-05-29,0.0,0.0,1.0,4.0,0.0,1.0,1.0,0.0,0.0,0.0,0.0,0.0
Kuwait,2020-03-01,3.0,0.0,0.0,0.0,0.0,0.0,0.0,1.0,0.0,0.0,0.0,0.0
Kuwait,2020-03-07,0.0,0.0,1.0,0.0,0.0,0.0,0.0,1.0,0.0,0.0,2.0,0.0
Kuwait,2020-03-11,0.0,2.0,0.0,4.0,0.0,0.0,0.0,0.0,0.0,1.0,0.0,0.0
Kuwait,2020-04-06,0.0,1.0,0.0,0.0,0.0,1.0,2.0,0.0,0.0,0.0,0.0,0.0
Laos,2020-03-30,0.0,2.0,1.0,4.0,2.0,2.0,2.0,1.0,2.0,0.0,0.0,0.0
Laos,2020-08-01,0.0,2.0,1.0,0.0,0.0,0.0,0.0,1.0,0.0,0.0,0.0,0.0
Lebanon,2020-03-16,0.0,0.0,1.0,0.0,0.0,1.0,1.0,1.0,0.0,0.0,0.0,0.0
Lebanon,2020-03-18,0.0,1.0,1.0,4.0,1.0,1.0,0.0,0.0,0.0,0.0,0.0,0.0
Lebanon,2020-07-30,0.0,-1.0,0.0,4.0,0.0,2.0,0.0,0.0,0.0,0.0,0.0,0.0
Lebanon,2020-08-22,0.0,2.0,2.0,0.0,0.0,3.0,2.0,0.0,0.0,0.0,0.0,0.0
Lebanon,2020-11-14,1.0,0.0,0.0,4.0,2.0,1.0,0.0,0.0,0.0,0.0,0.0,0.0
Liberia,2020-03-17,3.0,0.0,0.0,0.0,1.0,0.0,0.0,0.0,0.0,0.0,0.0,0.0
Liberia,2020-03-21,0.0,0.0,0.0,0.0,0.0,2.0,2.0,0.0,0.0,0.0,0.0,0.0
Liberia,2020-03-22,0.0,2.0,2.0,4.0,0.0,0.0,0.0,0.0,0.0,0.0,0.0,0.0
Libya,2020-03-14,0.0,1.0,2.0,1.0,0.0,0.0,0.0,0.0,0.0,0.0,0.0,0.0
Libya,2020-03-22,0.0,0.0,0.0,3.0,2.0,2.0,2.0,0.0,0.0,0.0,0.0,0.0
Libya,2020-03-24,0.0,0.0,0.0,0.0,0.0,1.0,0.0,0.0,2.0,0.0,1.0,0.0
Sri Lanka,2020-03-14,0.0,0.0,2.0,4.0,0.0,0.0,0.0,1.0,1.0,0.0,0.0,0.0
Sri Lanka,2020-03-18,1.0,0.0,0.0,0.0,0.0,3.0,2.0,0.0,0.0,0.0,0.0,0.0
Sri Lanka,2020-05-20,0.0,0.0,0.0,0.0,0.0,0.0,0.0,0.0,0.0,0.0,0.0,4.0
Sri Lanka,2020-11-02,0.0,0.0,0.0,2.0,0.0,2.0,2.0,1.0,0.0,0.0,0.0,0.0
Sri Lanka,2020-12-14,0.0,3.0,2.0,0.0,2.0,0.0,0.0,0.0,0.0,0.0,0.0,0.0
Lesotho,2020-03-18,3.0,2.0,2.0,4.0,0.0,2.0,2.0,0.0,0.0,0.0,0.0,0.0
Lesotho,2020-03-29,0.0,1.0,0.0,0.0,1.0,0.0,0.0,2.0,0.0,1.0,0.0,0.0
Lesotho,2021-01-06,1.0,1.0,1.0,1.0,0.0,1.0,0.0,3.0,0.0,0.0,0.0,0.0
Lithuania,2020-03-12,0.0,0.0,2.0,3.0,0.0,0.0,0.0,0.0,0.0,0.0,0.0,0.0
Lithuania,2020-03-16,2.0,3.0,0.0,1.0,1.0,1.0,1.0,2.0,0.0,0.0,0.0,0.0
Lithuania,2020-10-09,0.0,1.0,2.0,2.0,1.0,0.0,0.0,0.0,0.0,0.0,0.0,1.0
Lithuania,2020-12-16,1.0,1.0,0.0,0.0,0.0,1.0,1.0,0.0,0.0,0.0,0.0,0.0
Luxembourg,2020-03-01,0.0,0.0,0.0,0.0,0.0,0.0,0.0,0.0,0.0,2.0,2.0,0.0
Luxembourg,2020-03-16,3.0,2.0,0.0,0.0,0.0,0.0,0.0,0.0,0.0,0.0,0.0,0.0
Latvia,2020-03-13,3.0,1.0,2.0,2.0,0.0,1.0,0.0,0.0,1.0,0.0,0.0,0.0
Macao,2020-02-03,0.0,2.0,0.0,0.0,0.0,0.0,0.0,0.0,0.0,0.0,0.0,2.0
Morocco,2020-03-13,0.0,0.0,0.0,0.0,0.0,0.0,2.0,3.0,1.0,0.0,0.0,0.0
Morocco,2020-03-14,0.0,0.0,2.0,3.0,0.0,0.0,0.0,0.0,0.0,0.0,0.0,0.0
Morocco,2020-03-20,0.0,3.0,0.0,0.0,2.0,2.0,0.0,1.0,0.0,0.0,0.0,0.0
Morocco,2020-04-07,0.0,0.0,0.0,0.0,0.0,0.0,0.0,0.0,0.0,0.0,0.0,4.0
Monaco,2020-03-11,0.0,0.0,1.0,3.0,1.0,0.0,1.0,3.0,0.0,0.0,0.0,0.0
Monaco,2020-03-15,0.0,2.0,1.0,0.0,0.0,1.0,0.0,0.0,0.0,0.0,0.0,0.0
Moldova,2020-03-10,0.0,0.0,2.0,3.0,0.0,0.0,0.0,1.0,0.0,0.0,0.0,0.0
Moldova,2020-03-11,3.0,2.0,0.0,0.0,0.0,0.0,0.0,0.0,0.0,1.0,0.0,0.0
Moldova,2020-03-24,0.0,0.0,0.0,0.0,0.0,2.0,2.0,0.0,0.0,0.0,0.0,0.0
Madagascar,2020-03-21,3.0,2.0,2.0,3.0,2.0,0.0,2.0,0.0,0.0,0.0,0.0,0.0
Mexico,2020-03-24,0.0,0.0,2.0,2.0,0.0,0.0,1.0,0.0,2.0,0.0,0.0,0.0
Mexico,2020-03-30,0.0,0.0,0.0,1.0,1.0,2.0,1.0,0.0,0.0,0.0,0.0,0.0
Mexico,2020-04-17,0.0,0.0,0.0,0.0,0.0,0.0,0.0,0.0,0.0,0.0,0.0,4.0
Mali,2020-03-25,0.0,2.0,2.0,3.0,0.0,1.0,2.0,3.0,0.0,0.0,0.0,0.0
Mali,2020-12-18,2.0,2.0,1.0,0.0,0.0,1.0,0.0,0.0,0.0,0.0,0.0,0.0
Malta,2020-01-25,0.0,0.0,0.0,0.0,0.0,0.0,0.0,0.0,1.0,1.0,2.0,0.0
Malta,2020-03-10,0.0,0.0,1.0,1.0,0.0,0.0,0.0,1.0,0.0,1.0,0.0,0.0
Malta,2020-03-13,3.0,1.0,0.0,0.0,0.0,1.0,1.0,0.0,0.0,0.0,0.0,0.0
Malta,2020-03-28,0.0,0.0,0.0,3.0,0.0,1.0,0.0,0.0,0.0,0.0,0.0,0.0
Myanmar,2020-03-13,0.0,0.0,2.0,3.0,0.0,0.0,0.0,0.0,0.0,0.0,0.0,0.0
Myanmar,2020-03-20,2.0,0.0,0.0,0.0,0.0,0.0,0.0,0.0,0.0,2.0,0.0,0.0
Myanmar,2020-05-13,0.0,0.0,0.0,0.0,0.0,0.0,0.0,0.0,0.0,0.0,0.0,4.0
Myanmar,2020-09-26,0.0,1.0,0.0,1.0,0.0,1.0,0.0,2.0,0.0,0.0,0.0,0.0
Mongolia,2020-01-27,3.0,2.0,2.0,0.0,0.0,0.0,0.0,3.0,0.0,0.0,0.0,0.0
Mongolia,2020-02-21,0.0,0.0,0.0,0.0,2.0,0.0,2.0,0.0,0.0,0.0,0.0,0.0
Mongolia,2020-03-23,0.0,0.0,0.0,4.0,0.0,0.0,0.0,0.0,0.0,0.0,0.0,0.0
Mongolia,2020-05-05,0.0,1.0,0.0,0.0,1.0,3.0,0.0,0.0,0.0,0.0,0.0,0.0
Mongolia,2020-11-12,2.0,2.0,1.0,4.0,1.0,2.0,2.0,0.0,0.0,0.0,0.0,1.0
Mozambique,2020-03-23,3.0,0.0,1.0,3.0,0.0,0.0,0.0,0.0,0.0,0.0,0.0,0.0
Mozambique,2020-06-17,0.0,2.0,0.0,0.0,0.0,0.0,2.0,0.0,0.0,0.0,0.0,0.0
Mozambique,2020-08-07,0.0,1.0,1.0,3.0,0.0,0.0,1.0,0.0,0.0,0.0,0.0,0.0
Mauritania,2020-03-13,0.0,0.0,0.0,0.0,0.0,0.0,0.0,0.0,2.0,0.0,2.0,0.0
Mauritania,2020-03-19,0.0,0.0,2.0,4.0,0.0,2.0,0.0,0.0,0.0,0.0,0.0,0.0
Mauritania,2020-12-02,0.0,1.0,2.0,2.0,0.0,0.0,0.0,0.0,0.0,0.0,0.0,0.0
Mauritius,2020-03-19,3.0,0.0,0.0,0.0,0.0,0.0,0.0,2.0,0.0,0.0,0.0,0.0
Mauritius,2020-03-20,0.0,3.0,2.0,0.0,1.0,0.0,0.0,0.0,0.0,0.0,0.0,0.0
Mauritius,2020-03-23,0.0,0.0,0.0,3.0,0.0,2.0,1.0,0.0,0.0,0.0,0.0,0.0
Malawi,2020-03-20,0.0,0.0,2.0,3.0,0.0,0.0,0.0,4.0,0.0,0.0,0.0,0.0
Malaysia,2020-03-18,0.0,3.0,1.0,0.0,0.0,1.0,2.0,0.0,0.0,0.0,0.0,0.0
Malaysia,2020-11-03,0.0,1.0,0.0,2.0,0.0,0.0,0.0,2.0,0.0,0.0,0.0,0.0
Namibia,2020-03-14,0.0,0.0,0.0,0.0,0.0,0.0,0.0,2.0,0.0,1.0,2.0,0.0
Namibia,2020-03-17,3.0,0.0,2.0,3.0,0.0,0.0,0.0,0.0,2.0,0.0,0.0,0.0
Namibia,2020-03-27,0.0,0.0,0.0,0.0,0.0,2.0,2.0,0.0,0.0,0.0,0.0,0.0
Namibia,2020-07-15,0.0,0.0,0.0,2.0,0.0,0.0,2.0,0.0,0.0,0.0,0.0,0.0
Niger,2020-03-19,0.0,0.0,0.0,2.0,0.0,0.0,0.0,4.0,0.0,1.0,0.0,0.0
Nigeria,2020-03-18,0.0,1.0,1.0,3.0,0.0,0.0,0.0,0.0,0.0,0.0,0.0,0.0
Nigeria,2020-03-23,0.0,0.0,0.0,0.0,0.0,1.0,0.0,4.0,0.0,0.0,0.0,0.0
Nigeria,2020-03-29,0.0,2.0,0.0,0.0,2.0,1.0,2.0,0.0,0.0,0.0,0.0,0.0
Netherlands,2020-03-12,1.0,1.0,0.0,3.0,0.0,0.0,0.0,0.0,0.0,0.0,-1.0,0.0
Netherlands,2020-12-15,0.0,1.0,0.0,0.0,2.0,0.0,1.0,0.0,0.0,0.0,0.0,0.0
Norway,2020-03-12,3.0,1.0,0.0,0.0,1.0,0.0,0.0,0.0,0.0,0.0,0.0,0.0
Norway,2020-03-24,0.0,0.0,2.0,2.0,0.0,0.0,0.0,0.0,0.0,0.0,0.0,0.0
Nepal,2020-03-18,0.0,0.0,1.0,3.0,0.0,0.0,0.0,0.0,0.0,0.0,0.0,0.0
Nepal,2020-03-22,0.0,1.0,0.0,1.0,0.0,0.0,2.0,1.0,0.0,0.0,0.0,0.0
Nepal,2020-08-06,0.0,0.0,0.0,0.0,0.0,0.0,0.0,0.0,0.0,0.0,0.0,4.0
New Zealand,2020-03-16,0.0,0.0,2.0,2.0,0.0,0.0,0.0,0.0,0.0,0.0,0.0,0.0
New Zealand,2020-03-21,1.0,1.0,0.0,1.0,0.0,1.0,1.0,0.0,0.0,0.0,0.0,0.0
New Zealand,2020-03-23,0.0,1.0,0.0,1.0,1.0,1.0,1.0,0.0,0.0,0.0,0.0,0.0
New Zealand,2020-08-12,2.0,3.0,2.0,4.0,0.0,2.0,2.0,0.0,0.0,0.0,0.0,1.0
Oman,2020-03-17,0.0,0.0,2.0,4.0,0.0,0.0,0.0,0.0,0.0,0.0,2.0,0.0
Pakistan,2020-03-13,0.0,0.0,2.0,4.0,0.0,0.0,0.0,0.0,0.0,0.0,0.0,0.0
Pakistan,2020-03-23,0.0,3.0,0.0,0.0,2.0,2.0,0.0,0.0,0.0,0.0,0.0,0.0
Pakistan,2020-10-01,0.0,2.0,1.0,2.0,2.0,2.0,0.0,0.0,0.0,0.0,0.0,0.0
Pakistan,2020-11-20,0.0,2.0,0.0,2.0,0.0,0.0,0.0,0.0,0.0,0.0,0.0,0.0
Panama,2020-03-13,0.0,0.0,2.0,3.0,0.0,0.0,0.0,2.0,0.0,0.0,0.0,0.0
Panama,2020-06-02,0.0,0.0,0.0,0.0,0.0,0.0,0.0,0.0,0.0,0.0,0.0,4.0
Peru,2020-03-12,3.0,0.0,2.0,2.0,0.0,0.0,0.0,0.0,0.0,0.0,0.0,0.0
Peru,2020-03-15,0.0,0.0,0.0,2.0,1.0,2.0,1.0,0.0,0.0,0.0,0.0,0.0
Peru,2020-03-16,0.0,3.0,0.0,0.0,0.0,0.0,0.0,2.0,0.0,0.0,0.0,0.0
Peru,2021-01-27,0.0,0.0,0.0,0.0,1.0,1.0,2.0,0.0,0.0,0.0,0.0,0.0
Philippines,2020-03-15,0.0,2.0,1.0,3.0,2.0,2.0,2.0,0.0,0.0,0.0,0.0,0.0
Papua New Guinea,2020-03-24,0.0,2.0,2.0,0.0,2.0,0.0,2.0,0.0,0.0,0.0,0.0,0.0
Papua New Guinea,2020-04-08,0.0,0.0,0.0,0.0,0.0,2.0,0.0,0.0,1.0,1.0,0.0,0.0
Papua New Guinea,2020-08-04,0.0,1.0,-1.0,0.0,0.0,3.0,0.0,1.0,0.0,0.0,0.0,0.0
Papua New Guinea,2020-08-07,2.0,1.0,0.0,0.0,1.0,0.0,2.0,0.0,0.0,-1.0,1.0,0.0
Papua New Guinea,2021-01-03,0.0,0.0,1.0,3.0,2.0,2.0,2.0,1.0,0.0,0.0,0.0,0.0
Poland,2020-03-12,3.0,0.0,0.0,0.0,0.0,0.0,1.0,0.0,0.0,0.0,0.0,0.0
Poland,2020-03-31,0.0,0.0,0.0,4.0,0.0,2.0,1.0,0.0,0.0,0.0,0.0,0.0
Poland,2020-10-10,0.0,0.0,2.0,2.0,0.0,0.0,0.0,0.0,0.0,0.0,0.0,1.0
Poland,2020-10-24,0.0,2.0,2.0,0.0,1.0,1.0,1.0,0.0,0.0,0.0,0.0,0.0
Puerto Rico,2020-03-12,0.0,1.0,0.0,0.0,0.0,0.0,2.0,1.0,0.0,0.0,0.0,0.0
Puerto Rico,2020-03-15,0.0,2.0,0.0,4.0,2.0,2.0,0.0,1.0,0.0,0.0,0.0,0.0
Portugal,2020-01-26,0.0,0.0,0.0,0.0,0.0,0.0,0.0,0.0,2.0,1.0,2.0,0.0
Portugal,2020-03-19,0.0,1.0,2.0,4.0,1.0,2.0,1.0,0.0,0.0,0.0,0.0,0.0
Paraguay,2020-03-10,3.0,0.0,2.0,3.0,0.0,1.0,0.0,0.0,0.0,0.0,0.0,0.0
Paraguay,2020-03-16,0.0,0.0,0.0,0.0,0.0,0.0,2.0,3.0,0.0,0.0,0.0,0.0
Palestine,2020-03-05,0.0,0.0,2.0,2.0,1.0,0.0,2.0,4.0,1.0,0.0,0.0,0.0
Palestine,2020-03-06,3.0,2.0,0.0,0.0,0.0,0.0,0.0,0.0,0.0,1.0,1.0,0.0
Palestine,2020-03-22,0.0,1.0,0.0,2.0,1.0,2.0,0.0,0.0,0.0,0.0,0.0,0.0
Palestine,2020-11-15,0.0,2.0,0.0,3.0,0.0,2.0,0.0,0.0,0.0,0.0,0.0,0.0
Qatar,2020-03-17,0.0,2.0,0.0,0.0,0.0,1.0,2.0,0.0,0.0,0.0,0.0,0.0
Qatar,2020-03-22,0.0,0.0,1.0,4.0,0.0,0.0,0.0,0.0,0.0,0.0,0.0,0.0
Kosovo,2020-03-11,0.0,0.0,2.0,3.0,0.0,0.0,0.0,0.0,0.0,0.0,0.0,0.0
Kosovo,2020-03-12,3.0,0.0,0.0,0.0,0.0,0.0,0.0,2.0,0.0,0.0,0.0,0.0
Kosovo,2020-03-13,0.0,0.0,0.0,0.0,2.0,2.0,2.0,2.0,0.0,1.0,1.0,0.0
Kosovo,2020-07-05,0.0,0.0,0.0,0.0,0.0,0.0,0.0,0.0,0.0,0.0,0.0,4.0
Romania,2020-03-12,0.0,2.0,0.0,1.0,0.0,1.0,0.0,0.0,0.0,0.0,0.0,0.0
Romania,2020-10-20,1.0,0.0,1.0,0.0,0.0,1.0,0.0,0.0,0.0,0.0,0.0,1.0
Russia,2020-03-05,0.0,0.0,0.0,0.0,0.0,2.0,2.0,0.0,0.0,0.0,2.0,0.0
Russia,2020-03-16,0.0,0.0,0.0,2.0,0.0,0.0,0.0,0.0,2.0,0.0,0.0,0.0
Russia,2020-03-30,0.0,1.0,0.0,1.0,1.0,1.0,0.0,1.0,0.0,0.0,0.0,0.0
Rwanda,2020-03-08,0.0,0.0,2.0,2.0,0.0,0.0,0.0,0.0,0.0,0.0,2.0,0.0
Rwanda,2020-03-21,0.0,2.0,0.0,0.0,2.0,2.0,2.0,3.0,0.0,1.0,0.0,0.0
Rwanda,2021-01-18,3.0,1.0,1.0,1.0,2.0,2.0,2.0,0.0,0.0,0.0,0.0,0.0
Saudi Arabia,2020-03-15,0.0,0.0,0.0,0.0,0.0,0.0,0.0,4.0,0.0,0.0,0.0,0.0
Saudi Arabia,2020-03-16,0.0,2.0,0.0,3.0,0.0,0.0,0.0,0.0,0.0,0.0,0.0,0.0
Sudan,2020-03-14,3.0,1.0,2.0,3.0,0.0,0.0,0.0,0.0,0.0,0.0,0.0,0.0
Sudan,2020-03-16,0.0,0.0,0.0,0.0,0.0,0.0,0.0,4.0,0.0,0.0,1.0,0.0
Senegal,2020-03-14,0.0,0.0,2.0,2.0,0.0,0.0,0.0,0.0,2.0,0.0,0.0,0.0
Senegal,2020-03-23,0.0,0.0,0.0,2.0,0.0,0.0,2.0,0.0,0.0,0.0,0.0,0.0
Senegal,2020-12-10,0.0,2.0,1.0,0.0,0.0,0.0,0.0,0.0,0.0,0.0,0.0,1.0
Senegal,2021-01-06,0.0,0.0,0.0,0.0,0.0,2.0,2.0,0.0,0.0,0.0,0.0,0.0
Singapore,2020-01-02,0.0,0.0,0.0,0.0,0.0,0.0,0.0,1.0,2.0,1.0,0.0,0.0
Singapore,2020-04-08,3.0,0.0,0.0,0.0,0.0,1.0,1.0,0.0,0.0,0.0,0.0,0.0
Solomon Islands,2020-03-20,3.0,0.0,0.0,0.0,0.0,0.0,1.0,0.0,0.0,0.0,0.0,0.0
Solomon Islands,2020-05-20,0.0,1.0,0.0,0.0,2.0,3.0,1.0,0.0,0.0,0.0,0.0,0.0
Sierra Leone,2020-03-31,3.0,0.0,0.0,0.0,0.0,0.0,0.0,0.0,0.0,2.0,2.0,0.0
Sierra Leone,2020-04-05,0.0,1.0,0.0,2.0,0.0,3.0,2.0,0.0,0.0,0.0,0.0,0.0
El Salvador,2020-03-11,3.0,0.0,1.0,2.0,0.0,0.0,0.0,0.0,0.0,2.0,0.0,0.0
El Salvador,2020-03-21,0.0,1.0,1.0,0.0,0.0,3.0,0.0,0.0,0.0,0.0,0.0,0.0
San Marino,2020-03-08,0.0,1.0,2.0,4.0,0.0,1.0,1.0,0.0,0.0,0.0,0.0,0.0
Somalia,2020-03-19,0.0,0.0,2.0,3.0,0.0,0.0,0.0,0.0,2.0,0.0,0.0,0.0
Somalia,2020-09-25,0.0,0.0,0.0,4.0,0.0,0.0,0.0,1.0,0.0,0.0,0.0,0.0
Serbia,2020-03-11,0.0,0.0,0.0,2.0,0.0,0.0,0.0,2.0,0.0,0.0,0.0,0.0
Serbia,2020-03-15,0.0,0.0,2.0,2.0,0.0,2.0,0.0,0.0,0.0,0.0,0.0,0.0
Serbia,2020-03-16,3.0,1.0,0.0,0.0,0.0,0.0,0.0,1.0,0.0,0.0,0.0,0.0
Serbia,2020-03-21,0.0,2.0,0.0,0.0,2.0,0.0,0.0,0.0,0.0,0.0,0.0,0.0
Serbia,2020-07-01,0.0,2.0,1.0,0.0,0.0,0.0,0.0,0.0,0.0,0.0,0.0,2.0
Serbia,2020-07-17,0.0,0.0,0.0,4.0,0.0,0.0,0.0,0.0,0.0,0.0,0.0,0.0
South Sudan,2020-03-16,0.0,0.0,2.0,3.0,0.0,0.0,0.0,0.0,2.0,0.0,0.0,0.0
South Sudan,2020-05-29,0.0,0.0,0.0,0.0,2.0,0.0,0.0,2.0,0.0,0.0,0.0,0.0
Suriname,2020-03-14,0.0,0.0,0.0,0.0,0.0,0.0,0.0,4.0,2.0,0.0,0.0,0.0
Suriname,2020-03-16,3.0,0.0,0.0,0.0,0.0,0.0,2.0,0.0,0.0,0.0,0.0,0.0
Suriname,2020-03-28,0.0,0.0,0.0,4.0,0.0,2.0,0.0,0.0,0.0,0.0,0.0,0.0
Suriname,2020-06-04,0.0,3.0,1.0,0.0,0.0,0.0,0.0,0.0,0.0,0.0,0.0,0.0
Slovak Republic,2020-03-12,0.0,0.0,0.0,3.0,0.0,1.0,0.0,0.0,0.0,0.0,0.0,0.0
Slovak Republic,2020-03-13,0.0,2.0,0.0,0.0,0.0,0.0,0.0,2.0,0.0,0.0,0.0,0.0
Slovak Republic,2020-10-01,0.0,1.0,1.0,2.0,0.0,0.0,0.0,0.0,0.0,0.0,0.0,0.0
Slovak Republic,2020-10-22,0.0,1.0,0.0,0.0,0.0,2.0,2.0,0.0,0.0,0.0,0.0,0.0
Slovenia,2020-03-04,0.0,0.0,0.0,0.0,0.0,0.0,0.0,0.0,2.0,2.0,2.0,0.0
Slovenia,2020-03-16,3.0,0.0,0.0,0.0,2.0,0.0,0.0,0.0,0.0,0.0,0.0,0.0
Slovenia,2020-03-19,0.0,0.0,2.0,2.0,0.0,0.0,0.0,0.0,0.0,0.0,0.0,0.0
Slovenia,2020-03-30,0.0,0.0,0.0,0.0,0.0,0.0,2.0,0.0,0.0,0.0,0.0,2.0
Slovenia,2020-10-19,1.0,0.0,0.0,1.0,0.0,0.0,2.0,0.0,0.0,0.0,0.0,1.0
Sweden,2020-03-12,0.0,0.0,2.0,2.0,0.0,0.0,0.0,0.0,0.0,0.0,0.0,0.0
Eswatini,2020-03-17,3.0,0.0,1.0,3.0,0.0,0.0,1.0,2.0,0.0,0.0,0.0,0.0
Eswatini,2020-03-27,0.0,1.0,0.0,0.0,2.0,2.0,1.0,1.0,0.0,0.0,0.0,0.0
Eswatini,2020-12-07,0.0,0.0,0.0,3.0,0.0,1.0,0.0,0.0,0.0,0.0,0.0,0.0
Seychelles,2020-03-30,0.0,0.0,0.0,4.0,0.0,0.0,0.0,0.0,0.0,0.0,0.0,0.0
Seychelles,2020-04-08,0.0,3.0,0.0,0.0,0.0,2.0,2.0,0.0,0.0,0.0,0.0,0.0
Seychelles,2020-08-10,0.0,0.0,0.0,4.0,0.0,0.0,0.0,0.0,0.0,0.0,0.0,0.0
Seychelles,2021-01-06,0.0,2.0,0.0,0.0,1.0,2.0,0.0,0.0,0.0,0.0,0.0,1.0
Seychelles,2021-01-18,0.0,1.0,0.0,0.0,0.0,0.0,2.0,0.0,0.0,0.0,0.0,1.0
Seychelles,2021-01-26,2.0,0.0,0.0,3.0,0.0,-1.0,-1.0,2.0,0.0,0.0,0.0,0.0
Syria,2020-03-16,0.0,0.0,2.0,3.0,0.0,0.0,0.0,0.0,0.0,0.0,0.0,0.0
Syria,2020-11-10,0.0,0.0,0.0,2.0,1.0,1.0,0.0,0.0,0.0,0.0,0.0,1.0
Chad,2020-03-19,0.0,0.0,0.0,3.0,0.0,0.0,0.0,0.0,0.0,1.0,1.0,0.0
Chad,2020-04-13,3.0,3.0,2.0,0.0,2.0,0.0,2.0,1.0,0.0,0.0,0.0,0.0
Chad,2021-01-04,2.0,1.0,1.0,-1.0,-1.0,1.0,0.0,2.0,0.0,1.0,-1.0,0.0
Togo,2020-03-16,0.0,0.0,2.0,0.0,0.0,0.0,0.0,0.0,2.0,0.0,0.0,0.0
Togo,2020-03-20,3.0,2.0,0.0,0.0,0.0,1.0,0.0,4.0,0.0,0.0,0.0,0.0
Togo,2020-12-20,0.0,0.0,1.0,1.0,0.0,2.0,0.0,0.0,0.0,0.0,0.0,1.0
Thailand,2020-03-06,0.0,0.0,0.0,0.0,0.0,0.0,0.0,2.0,2.0,0.0,0.0,0.0
Thailand,2020-12-21,2.0,2.0,0.0,0.0,0.0,0.0,1.0,0.0,0.0,0.0,0.0,0.0
Turkmenistan,2020-03-24,0.0,2.0,2.0,0.0,0.0,0.0,0.0,0.0,0.0,0.0,0.0,0.0
Turkmenistan,2020-07-16,0.0,2.0,2.0,0.0,0.0,0.0,0.0,0.0,0.0,0.0,0.0,0.0
Timor-Leste,2020-03-23,3.0,0.0,0.0,0.0,0.0,0.0,0.0,0.0,1.0,0.0,0.0,0.0
Timor-Leste,2020-03-28,0.0,2.0,2.0,4.0,2.0,1.0,0.0,0.0,0.0,0.0,0.0,0.0
Timor-Leste,2020-12-30,0.0,0.0,1.0,4.0,0.0,0.0,1.0,0.0,0.0,0.0,0.0,0.0
Tonga,2020-03-20,0.0,0.0,2.0,3.0,0.0,0.0,0.0,1.0,2.0,0.0,0.0,0.0
Tonga,2020-03-29,3.0,1.0,0.0,0.0,2.0,2.0,2.0,0.0,0.0,0.0,0.0,0.0
Trinidad and Tobago,2020-03-16,0.0,0.0,1.0,3.0,0.0,0.0,0.0,0.0,0.0,0.0,0.0,0.0
Trinidad and Tobago,2020-08-17,0.0,0.0,0.0,1.0,1.0,1.0,2.0,0.0,0.0,0.0,0.0,0.0
Tunisia,2020-03-20,0.0,0.0,0.0,4.0,0.0,2.0,2.0,0.0,0.0,0.0,0.0,0.0
Tunisia,2020-10-03,0.0,1.0,2.0,4.0,0.0,0.0,0.0,0.0,0.0,0.0,0.0,0.0
Tunisia,2020-10-28,2.0,0.0,0.0,0.0,0.0,0.0,2.0,0.0,0.0,0.0,0.0,0.0
Tunisia,2020-11-25,0.0,0.0,0.0,0.0,0.0,0.0,0.0,2.0,0.0,0.0,1.0,3.0
Turkey,2020-03-16,3.0,2.0,2.0,0.0,0.0,0.0,0.0,0.0,0.0,0.0,0.0,0.0
Turkey,2020-06-07,0.0,0.0,0.0,0.0,0.0,0.0,0.0,0.0,0.0,0.0,0.0,4.0
Turkey,2020-09-12,0.0,0.0,0.0,4.0,0.0,0.0,0.0,0.0,0.0,0.0,0.0,0.0
Tanzania,2020-03-17,2.0,0.0,2.0,3.0,0.0,0.0,0.0,0.0,0.0,0.0,0.0,0.0
Uganda,2020-03-25,0.0,3.0,0.0,0.0,2.0,0.0,0.0,0.0,0.0,0.0,1.0,0.0
Uganda,2020-03-30,0.0,0.0,0.0,4.0,0.0,2.0,1.0,0.0,0.0,0.0,0.0,0.0
Ukraine,2020-03-12,3.0,0.0,2.0,2.0,0.0,0.0,2.0,0.0,0.0,0.0,0.0,0.0
Ukraine,2020-03-16,0.0,0.0,0.0,0.0,0.0,1.0,0.0,4.0,0.0,0.0,0.0,0.0
Ukraine,2020-03-17,0.0,2.0,0.0,2.0,0.0,0.0,0.0,0.0,0.0,0.0,0.0,0.0
Uruguay,2020-03-13,0.0,0.0,2.0,0.0,0.0,1.0,1.0,2.0,0.0,1.0,0.0,0.0
Uruguay,2020-03-14,3.0,0.0,0.0,0.0,0.0,0.0,0.0,0.0,2.0,0.0,0.0,0.0
Uruguay,2020-12-21,0.0,0.0,0.0,1.0,1.0,0.0,1.0,1.0,0.0,0.0,0.0,0.0
United States,2020-03-19,0.0,3.0,0.0,0.0,0.0,0.0,1.0,0.0,0.0,0.0,0.0,0.0
United States,2020-03-16,2.0,1.0,0.0,3.0,0.0,0.0,1.0,0.0,0.0,0.0,0.0,0.0
United States,2020-03-17,0.0,1.0,1.0,3.0,0.0,0.0,0.0,0.0,0.0,0.0,0.0,0.0
United States,2020-08-03,0.0,0.0,0.0,3.0,1.0,0.0,0.0,0.0,0.0,0.0,0.0,0.0
United States,2020-03-11,0.0,0.0,1.0,2.0,0.0,1.0,0.0,0.0,0.0,0.0,0.0,0.0
United States,2020-03-16,0.0,0.0,0.0,2.0,0.0,0.0,1.0,0.0,1.0,0.0,0.0,0.0
United States,2020-03-17,1.0,2.0,0.0,0.0,0.0,1.0,0.0,0.0,0.0,0.0,0.0,0.0
United States,2020-03-12,0.0,1.0,1.0,3.0,0.0,0.0,0.0,0.0,0.0,0.0,0.0,0.0
United States,2020-03-16,1.0,0.0,0.0,0.0,1.0,0.0,1.0,0.0,1.0,0.0,0.0,0.0
United States,2020-03-13,1.0,0.0,0.0,2.0,1.0,0.0,0.0,0.0,0.0,0.0,0.0,0.0
United States,2020-04-01,0.0,0.0,0.0,0.0,1.0,2.0,1.0,0.0,0.0,0.0,0.0,0.0
United States,2020-03-16,2.0,1.0,1.0,3.0,0.0,0.0,0.0,0.0,0.0,0.0,0.0,0.0
United States,2020-12-14,0.0,0.0,1.0,1.0,0.0,1.0,0.0,0.0,0.0,0.0,0.0,1.0
United States,2020-03-12,2.0,1.0,1.0,0.0,0.0,0.0,0.0,0.0,0.0,0.0,0.0,0.0
United States,2020-03-16,0.0,2.0,1.0,0.0,0.0,2.0,1.0,0.0,0.0,0.0,0.0,0.0
United States,2020-03-17,1.0,-1.0,0.0,4.0,0.0,0.0,0.0,0.0,0.0,0.0,0.0,0.0
United States,2020-12-16,0.0,0.0,0.0,4.0,0.0,0.0,0.0,0.0,0.0,0.0,0.0,0.0
United States,2020-03-13,1.0,1.0,1.0,3.0,0.0,0.0,0.0,0.0,2.0,0.0,0.0,0.0
United States,2020-03-25,0.0,1.0,0.0,4.0,0.0,1.0,0.0,0.0,0.0,0.0,0.0,0.0
United States,2020-03-17,0.0,1.0,1.0,4.0,0.0,0.0,0.0,0.0,0.0,0.0,0.0,0.0
United States,2020-11-11,1.0,0.0,0.0,3.0,0.0,0.0,0.0,0.0,0.0,0.0,0.0,0.0
United States,2020-03-25,0.0,2.0,1.0,4.0,1.0,2.0,1.0,0.0,0.0,0.0,0.0,0.0
United States,2020-06-24,0.0,0.0,0.0,3.0,0.0,0.0,1.0,0.0,0.0,0.0,0.0,0.0
United States,2020-03-18,0.0,0.0,1.0,2.0,0.0,1.0,0.0,0.0,0.0,0.0,0.0,0.0
United States,2020-03-21,0.0,2.0,0.0,1.0,0.0,1.0,1.0,0.0,0.0,0.0,0.0,0.0
United States,2020-03-16,0.0,1.0,1.0,1.0,0.0,0.0,1.0,0.0,1.0,0.0,0.0,0.0
United States,2020-03-16,0.0,0.0,0.0,3.0,0.0,0.0,1.0,0.0,1.0,0.0,0.0,0.0
United States,2020-03-19,0.0,0.0,0.0,4.0,0.0,0.0,0.0,0.0,0.0,0.0,0.0,0.0
United States,2020-03-23,0.0,0.0,0.0,2.0,0.0,2.0,0.0,0.0,0.0,0.0,0.0,0.0
United States,2020-03-13,0.0,0.0,2.0,2.0,0.0,0.0,0.0,0.0,1.0,0.0,0.0,0.0
United States,2020-03-12,0.0,1.0,2.0,2.0,0.0,0.0,0.0,0.0,0.0,0.0,0.0,0.0
United States,2020-03-16,1.0,1.0,0.0,1.0,0.0,0.0,1.0,0.0,0.0,0.0,0.0,0.0
United States,2020-03-15,1.0,0.0,1.0,4.0,0.0,0.0,0.0,0.0,0.0,0.0,0.0,0.0
United States,2020-03-25,1.0,2.0,0.0,0.0,2.0,2.0,0.0,0.0,0.0,0.0,0.0,0.0
United States,2020-03-16,2.0,1.0,1.0,0.0,0.0,0.0,1.0,0.0,0.0,0.0,0.0,0.0
United States,2020-03-13,1.0,0.0,1.0,2.0,0.0,1.0,1.0,0.0,0.0,0.0,0.0,0.0
United States,2020-03-27,0.0,1.0,0.0,2.0,0.0,1.0,1.0,0.0,0.0,0.0,0.0,0.0
United States,2020-11-20,0.0,1.0,1.0,1.0,1.0,0.0,0.0,0.0,0.0,0.0,0.0,0.0
United States,2020-03-13,1.0,0.0,2.0,2.0,0.0,0.0,0.0,0.0,0.0,0.0,0.0,0.0
United States,2020-04-03,0.0,0.0,1.0,4.0,0.0,2.0,0.0,0.0,0.0,0.0,0.0,0.0
United States,2020-03-15,1.0,0.0,1.0,3.0,0.0,0.0,0.0,0.0,0.0,0.0,0.0,0.0
United States,2020-03-16,1.0,0.0,0.0,2.0,1.0,0.0,1.0,0.0,0.0,0.0,0.0,0.0
United States,2020-03-19,1.0,1.0,0.0,4.0,0.0,0.0,0.0,0.0,0.0,0.0,0.0,0.0
United States,2020-03-17,0.0,0.0,1.0,3.0,0.0,0.0,0.0,0.0,0.0,0.0,0.0,0.0
United States,2020-03-12,0.0,1.0,1.0,2.0,0.0,0.0,0.0,0.0,0.0,0.0,0.0,0.0
United States,2020-03-16,0.0,1.0,1.0,1.0,0.0,0.0,1.0,0.0,1.0,0.0,0.0,0.0
United States,2020-03-21,0.0,1.0,0.0,1.0,0.0,2.0,0.0,0.0,0.0,0.0,0.0,0.0
United States,2020-03-12,0.0,1.0,2.0,2.0,0.0,0.0,0.0,0.0,0.0,0.0,0.0,0.0
United States,2020-03-16,0.0,0.0,0.0,0.0,0.0,1.0,1.0,0.0,2.0,0.0,0.0,0.0
United States,2020-03-24,0.0,0.0,1.0,4.0,0.0,0.0,0.0,0.0,0.0,0.0,0.0,0.0
United States,2020-11-24,0.0,1.0,0.0,2.0,0.0,0.0,0.0,0.0,0.0,1.0,0.0,2.0
United States,2020-03-12,2.0,1.0,2.0,0.0,0.0,0.0,0.0,0.0,0.0,0.0,0.0,0.0
United States,2020-03-12,0.0,1.0,0.0,3.0,0.0,0.0,0.0,0.0,0.0,0.0,0.0,0.0
United States,2020-03-23,1.0,1.0,0.0,1.0,0.0,2.0,0.0,0.0,0.0,0.0,0.0,0.0
United States,2020-03-16,0.0,0.0,1.0,2.0,0.0,0.0,1.0,0.0,0.0,0.0,0.0,0.0
United States,2020-03-24,0.0,0.0,0.0,2.0,0.0,2.0,0.0,0.0,0.0,0.0,0.0,0.0
United States,2020-03-16,1.0,1.0,1.0,3.0,0.0,0.0,1.0,0.0,1.0,0.0,0.0,0.0
United States,2020-03-13,2.0,0.0,1.0,0.0,0.0,1.0,1.0,0.0,0.0,0.0,0.0,0.0
United States,2020-03-23,0.0,0.0,1.0,4.0,1.0,1.0,0.0,0.0,0.0,0.0,0.0,0.0
United States,2020-03-16,2.0,0.0,0.0,3.0,0.0,1.0,1.0,0.0,0.0,0.0,0.0,0.0
United States,2020-03-15,0.0,0.0,1.0,3.0,0.0,0.0,0.0,0.0,0.0,0.0,0.0,0.0
United States,2020-08-02,0.0,0.0,0.0,4.0,0.0,0.0,0.0,0.0,0.0,0.0,0.0,0.0
United States,2020-03-23,0.0,0.0,1.0,4.0,0.0,0.0,0.0,0.0,0.0,0.0,0.0,0.0
United States,2020-03-22,0.0,0.0,1.0,4.0,0.0,0.0,0.0,0.0,0.0,0.0,0.0,0.0
United States,2020-03-16,1.0,1.0,0.0,0.0,0.0,0.0,1.0,0.0,2.0,0.0,0.0,0.0
United States,2020-03-16,1.0,0.0,1.0,2.0,0.0,0.0,1.0,0.0,0.0,0.0,0.0,0.0
United States,2020-03-12,0.0,1.0,1.0,0.0,0.0,0.0,2.0,0.0,0.0,0.0,0.0,1.0
United States,2020-03-24,0.0,2.0,1.0,4.0,0.0,0.0,0.0,0.0,0.0,0.0,0.0,0.0
United States,2020-03-13,1.0,0.0,2.0,2.0,0.0,0.0,2.0,0.0,0.0,0.0,0.0,0.0
United States,2020-03-16,0.0,1.0,0.0,1.0,0.0,0.0,1.0,0.0,1.0,0.0,0.0,0.0
United States,2020-03-23,0.0,1.0,0.0,1.0,1.0,1.0,0.0,0.0,0.0,0.0,0.0,0.0
United States,2020-03-17,0.0,1.0,1.0,4.0,0.0,0.0,0.0,0.0,0.0,0.0,0.0,0.0
United States,2020-03-23,0.0,1.0,1.0,4.0,0.0,1.0,0.0,0.0,0.0,0.0,0.0,0.0
Uzbekistan,2020-03-16,3.0,2.0,2.0,0.0,2.0,0.0,0.0,2.0,0.0,0.0,0.0,0.0
Venezuela,2020-03-12,0.0,0.0,2.0,1.0,0.0,0.0,0.0,3.0,0.0,0.0,0.0,0.0
Venezuela,2020-03-13,0.0,0.0,0.0,0.0,0.0,2.0,2.0,0.0,0.0,0.0,0.0,0.0
Venezuela,2020-03-16,3.0,3.0,0.0,0.0,0.0,0.0,0.0,0.0,0.0,0.0,0.0,0.0
Venezuela,2020-06-22,0.0,1.0,0.0,0.0,2.0,1.0,1.0,0.0,0.0,0.0,0.0,0.0
United States Virgin Islands,2020-03-23,0.0,3.0,0.0,0.0,1.0,0.0,0.0,0.0,0.0,0.0,0.0,0.0
Vietnam,2020-01-29,3.0,0.0,0.0,0.0,0.0,0.0,0.0,0.0,2.0,0.0,0.0,0.0
Vietnam,2020-04-01,0.0,0.0,0.0,2.0,0.0,2.0,0.0,0.0,0.0,0.0,0.0,0.0
Vietnam,2020-07-27,2.0,0.0,1.0,0.0,0.0,2.0,0.0,0.0,0.0,0.0,0.0,0.0
Vietnam,2020-11-17,0.0,0.0,1.0,0.0,0.0,0.0,0.0,0.0,0.0,2.0,0.0,1.0
Vanuatu,2020-03-26,3.0,2.0,2.0,4.0,1.0,1.0,2.0,4.0,2.0,1.0,1.0,0.0
Yemen,2020-03-18,0.0,0.0,0.0,0.0,0.0,0.0,0.0,4.0,0.0,0.0,0.0,0.0
Yemen,2020-09-29,0.0,0.0,0.0,0.0,0.0,2.0,2.0,0.0,0.0,0.0,0.0,0.0
South Africa,2020-03-16,0.0,0.0,2.0,3.0,0.0,0.0,0.0,0.0,0.0,0.0,0.0,0.0
South Africa,2020-03-18,3.0,0.0,0.0,0.0,0.0,0.0,0.0,2.0,0.0,0.0,0.0,0.0
South Africa,2020-03-26,0.0,3.0,0.0,0.0,1.0,2.0,1.0,1.0,0.0,0.0,0.0,0.0
South Africa,2021-01-04,0.0,0.0,1.0,2.0,0.0,0.0,1.0,0.0,0.0,0.0,0.0,0.0
Zambia,2020-02-21,0.0,0.0,0.0,0.0,0.0,0.0,0.0,2.0,2.0,0.0,0.0,0.0
Zambia,2020-03-26,0.0,0.0,0.0,3.0,0.0,0.0,0.0,0.0,0.0,0.0,2.0,0.0
Zambia,2020-04-15,0.0,0.0,2.0,1.0,0.0,1.0,0.0,0.0,0.0,0.0,0.0,0.0
Zimbabwe,2020-03-17,0.0,0.0,2.0,3.0,0.0,0.0,0.0,0.0,0.0,0.0,0.0,0.0
Zimbabwe,2020-03-23,0.0,0.0,0.0,0.0,0.0,1.0,1.0,3.0,0.0,0.0,0.0,0.0
Zimbabwe,2020-03-24,3.0,0.0,0.0,0.0,0.0,0.0,0.0,0.0,0.0,0.0,1.0,0.0
Zimbabwe,2020-03-30,0.0,3.0,0.0,0.0,1.0,1.0,1.0,0.0,0.0,0.0,0.0,0.0
Zimbabwe,2020-05-04,0.0,0.0,0.0,0.0,0.0,0.0,0.0,0.0,0.0,0.0,0.0,4.0
Zimbabwe,2021-01-05,1.0,1.0,0.0,1.0,0.0,0.0,0.0,2.0,0.0,0.0,0.0,1.0
